"DT_GERACAO";"HH_GERACAO";"ANO_ELEICAO";"CD_TIPO_ELEICAO";"NM_TIPO_ELEICAO";"CD_ELEICAO";"DS_ELEICAO";"DT_ELEICAO";"SG_UF";"SG_UE";"NM_UE";"SQ_CANDIDATO";"NR_ORDEM_CANDIDATO";"CD_TIPO_BEM_CANDIDATO";"DS_TIPO_BEM_CANDIDATO";"DS_BEM_CANDIDATO";"VR_BEM_CANDIDATO";"DT_ULTIMA_ATUALIZACAO";"HH_ULTIMA_ATUALIZACAO"
"19/04/2021";"13:16:05";2010;2;"Eleiçăo Ordinária";37;"Eleiçőes 2010";"03/10/2010";"BR";"BR";"BRASIL";280000000015;8;17;"Benfeitorias";"BENFEITORIAS REALIZADAS NO IMOVEL LOCALIZADO A ALAMEDA BADEJO 444- RESIDENCIAL 11 - CONDOMINIO ALPHAVILLE-SANTANA DO PARNAIBA-SP";"779,10";"05/07/2010";"18:31:30"
"19/04/2021";"13:16:05";2010;2;"Eleiçăo Ordinária";37;"Eleiçőes 2010";"03/10/2010";"BR";"BR";"BRASIL";280000000015;9;17;"Benfeitorias";"BENFEITORIAS EM IMOVEL RESIDENCIAL LOCALIZADO A RUA C-QUADRA F-JARD. REMANSO-BERTIOGA -SP";"29883,92";"05/07/2010";"18:31:30"
"19/04/2021";"13:16:05";2010;2;"Eleiçăo Ordinária";37;"Eleiçőes 2010";"03/10/2010";"BR";"BR";"BRASIL";280000000015;10;17;"Benfeitorias";"BENFEITORIAS REALIZADAS NO IMOVEL LOCALIZADO A ALAMEDA ROBALO 100 (LOTE 1-QUADRA 31), RESIDENCIAL N. 11- CONDOMINIO ALPHAVILLE-SANTANA DO PARNAIBA-SP, NO VALOR TOTAL DE R$ 7.477,65";"9104,38";"05/07/2010";"18:31:30"
"19/04/2021";"13:16:05";2010;2;"Eleiçăo Ordinária";37;"Eleiçőes 2010";"03/10/2010";"BR";"BR";"BRASIL";280000000015;11;21;"Veículo automotor terrestre: caminhăo, automóvel, moto, etc.";"UM VEICULO MARCA PEUGEOT, MODELO 406 SV 3.0 24V, COR CINZA, ANO FABRI- CAÇĂO 2001, MODELO 2001, CHASSI N. VF38BXFXR1S011296. UM VEICULO MARCA FIAT-MODELO TIPO-ANO DE FABRICAÇĂO 1994-PLACA";"25988,00";"05/07/2010";"18:31:30"
"19/04/2021";"13:16:05";2010;2;"Eleiçăo Ordinária";37;"Eleiçőes 2010";"03/10/2010";"BR";"BR";"BRASIL";280000000015;12;21;"Veículo automotor terrestre: caminhăo, automóvel, moto, etc.";"UM VEICULO MARCA FIAT-MODELO TIPO-ANO DE FABRICAÇĂO 1994-PLACA EYM 0012";"12160,00";"05/07/2010";"18:31:30"
"19/04/2021";"13:16:05";2010;2;"Eleiçăo Ordinária";37;"Eleiçőes 2010";"03/10/2010";"BR";"BR";"BRASIL";280000000015;13;21;"Veículo automotor terrestre: caminhăo, automóvel, moto, etc.";"VEICULO MARCA CHEVROLET, MODELO BLAZER EXECUTIVE-V6 4X4, PLACA EYM 0014, ANO FABRIC.1999-MOD.1999";"56000,00";"05/07/2010";"18:31:30"
"19/04/2021";"13:16:05";2010;2;"Eleiçăo Ordinária";37;"Eleiçőes 2010";"03/10/2010";"BR";"BR";"BRASIL";280000000015;14;21;"Veículo automotor terrestre: caminhăo, automóvel, moto, etc.";"VEICULO MARCA PEUGEOT, MODELO 406 SV 3.0, PLACA EYM 2001, ANO DE FABRIC. 1998-MOD.1998.";"46000,00";"05/07/2010";"18:31:30"
"19/04/2021";"13:16:05";2010;2;"Eleiçăo Ordinária";37;"Eleiçőes 2010";"03/10/2010";"BR";"BR";"BRASIL";280000000015;15;23;"Embarcaçăo";"BALSA SALVA VIDAS INFLAVEL, COM CAPACIDADE PARA SEIS PESSOAS, ADQUIRIDA";"7000,00";"05/07/2010";"18:31:30"
"19/04/2021";"13:16:05";2010;2;"Eleiçăo Ordinária";37;"Eleiçőes 2010";"03/10/2010";"BR";"BR";"BRASIL";280000000015;16;23;"Embarcaçăo";"EMBARCAÇĂO MOD.FOCKER 25.5 FABRIC.FIBRAFORT,N. SERIE BR-FMI00570G808, MOT.YAMAHA,SERIE 69J-1029964,POT.225HP,4TEMPOS,MOD.F225 AETX,COR CINZA A GASOLINA";"123700,00";"05/07/2010";"18:31:30"
"19/04/2021";"13:16:05";2010;2;"Eleiçăo Ordinária";37;"Eleiçőes 2010";"03/10/2010";"BR";"BR";"BRASIL";280000000015;17;25;"Jóia, quadro, objeto de arte, de coleçăo, antiguidade, etc.";"UMA ALIANÇA DE BRILHANTES";"4163,84";"05/07/2010";"18:31:30"
"19/04/2021";"13:16:05";2010;2;"Eleiçăo Ordinária";37;"Eleiçőes 2010";"03/10/2010";"BR";"BR";"BRASIL";280000000015;18;26;"Linha telefônica";"TRES LINHAS TELEFONICAS";"136100,00";"05/07/2010";"18:31:30"
"19/04/2021";"13:16:05";2010;2;"Eleiçăo Ordinária";37;"Eleiçőes 2010";"03/10/2010";"BR";"BR";"BRASIL";280000000015;19;31;"Açőes (inclusive as provenientes de linha telefônica)";"AÇŐES ESCRITURAIS BRASIL TELECOM";"3459,00";"05/07/2010";"18:31:30"
"19/04/2021";"13:16:05";2010;2;"Eleiçăo Ordinária";37;"Eleiçőes 2010";"03/10/2010";"BR";"BR";"BRASIL";280000000015;20;31;"Açőes (inclusive as provenientes de linha telefônica)";"AÇŐES PREFERENCIAIS VIVO PARTICIPAÇŐES";"2889,00";"05/07/2010";"18:31:30"
"19/04/2021";"13:16:05";2010;2;"Eleiçăo Ordinária";37;"Eleiçőes 2010";"03/10/2010";"BR";"BR";"BRASIL";280000000015;21;24;"Bem relacionado com o exercício da atividade autônoma";"PARTICIPAÇĂO NO CAPITAL SOCIAL DA EMPRESA GRUNASE - GRUPO NACIONAL DE SERVIÇOS LTDA - CGC N. 62184338/0001-06";"41559,02";"05/07/2010";"18:31:30"
"19/04/2021";"13:16:05";2010;2;"Eleiçăo Ordinária";37;"Eleiçőes 2010";"03/10/2010";"BR";"BR";"BRASIL";280000000015;22;39;"Outras participaçőes societárias";"PARTICIPAÇĂO NO CAPITAL SOCIAL DA EMPRESA TERRASUL EMPREENDIMENTOS IMOBILIARIOS LTDA.-CGC 46345716/0001-21";"122527,81";"05/07/2010";"18:31:30"
"19/04/2021";"13:16:05";2010;2;"Eleiçăo Ordinária";37;"Eleiçőes 2010";"03/10/2010";"BR";"BR";"BRASIL";280000000015;23;39;"Outras participaçőes societárias";"PARTICIPAÇĂO NO CAPITAL SOCIAL DA EMPRESA CENTRO AUTOMOTIVO CAMINHO CERTO LTDA - CNPJ N. 02727407/0001-40";"2500,00";"05/07/2010";"18:31:30"
"19/04/2021";"13:16:05";2010;2;"Eleiçăo Ordinária";37;"Eleiçőes 2010";"03/10/2010";"BR";"BR";"BRASIL";280000000015;24;59;"Outros créditos e poupança vinculados";"POUPANÇA BRADESCO AG. 0762-5 - CONTA CORRENTE 0734-7";"6958,75";"05/07/2010";"18:31:30"
"19/04/2021";"13:16:05";2010;2;"Eleiçăo Ordinária";37;"Eleiçőes 2010";"03/10/2010";"BR";"BR";"BRASIL";280000000015;25;45;"Aplicaçăo de renda fixa (CDB, RDB e outros)";"APLICAÇĂO EM CDB NA CONTA CORRENTE 0734-0-BANCO BRADESCO PRIME AGENCIA 0762-5";"567249,93";"05/07/2010";"18:31:30"
"19/04/2021";"13:16:05";2010;2;"Eleiçăo Ordinária";37;"Eleiçőes 2010";"03/10/2010";"BR";"BR";"BRASIL";280000000015;26;51;"Crédito decorrente de empréstimo";"CREDITO A RECEBER DE EMPRESTIMOS EFETUADOS A EMPRESA CENTRO AUTOMO- TIVO CAMINHO CERTO, CNPJ 02727407/0001-40";"775414,00";"05/07/2010";"18:31:30"
"19/04/2021";"13:16:05";2010;2;"Eleiçăo Ordinária";37;"Eleiçőes 2010";"03/10/2010";"BR";"BR";"BRASIL";280000000015;27;51;"Crédito decorrente de empréstimo";"CREDITO A RECEBER RELATIVO A EMPRESTIMO A EMPRESA TERRASUL EMPREENDI- MENTOS IMOBILIARIOS LTDA CNPJ N. 46345716/0001-21";"97613,96";"05/07/2010";"18:31:30"
"19/04/2021";"13:16:05";2010;2;"Eleiçăo Ordinária";37;"Eleiçőes 2010";"03/10/2010";"BR";"BR";"BRASIL";280000000015;28;61;"Depósito bancário em conta corrente no País";"SALDO EM CONTA CORRENTE BANCO BANESPA/SANTANDER-AG. PINHEIROS COSNTA 0120-92-007900-4";"776,41";"05/07/2010";"18:31:30"
"19/04/2021";"13:16:05";2010;2;"Eleiçăo Ordinária";37;"Eleiçőes 2010";"03/10/2010";"BR";"BR";"BRASIL";280000000015;29;79;"Outros fundos";"SALDO EM CONTA CORRENTE BANCO BRADESCO-AG.PRAÇA PANAMERICANA 031/ 0762-PRIME CONTA CORRENTE 097734-9/0737-0";"1,00";"05/07/2010";"18:31:30"
"19/04/2021";"13:16:05";2010;2;"Eleiçăo Ordinária";37;"Eleiçőes 2010";"03/10/2010";"BR";"BR";"BRASIL";280000000015;30;71;"Fundo de investimento financeiro - FIF";"BRADESCO F.A.Q. DE FUNDOS DE INVESTIMENTO R.F. MACRO DI-60 FUNDO DE INVESTIMENTO EM COTAS DE FI MULTIMERCASDO GOLDEN PROFIT";"8582,28";"05/07/2010";"18:31:30"
"19/04/2021";"13:16:05";2010;2;"Eleiçăo Ordinária";37;"Eleiçőes 2010";"03/10/2010";"BR";"BR";"BRASIL";280000000015;31;71;"Fundo de investimento financeiro - FIF";"MODERADO BRADESCO-AG.0762-5 CONTA CORRENTE 0734-0 FUNDO DE INVESTIMENTO EM COTAS DE FI MULTIMERCADO GOLDEN PROFIT";"33868,44";"05/07/2010";"18:31:30"
"19/04/2021";"13:16:05";2010;2;"Eleiçăo Ordinária";37;"Eleiçőes 2010";"03/10/2010";"BR";"BR";"BRASIL";280000000015;32;71;"Fundo de investimento financeiro - FIF";"FUNDO DE INVESTIMENTO EM COTAS DE FI MULTIMERCADO GOLDEN PROFIT DINAMICO BRADESCO AG. 0762-5 - CONTA CORRENTE 0734-0";"33471,26";"05/07/2010";"18:31:30"
"19/04/2021";"13:16:05";2010;2;"Eleiçăo Ordinária";37;"Eleiçőes 2010";"03/10/2010";"BR";"BR";"BRASIL";280000000015;33;71;"Fundo de investimento financeiro - FIF";"BRADESCO PRIME FUNDO DE INVESTIMENTO EM COTAS DE FUNDO DE INVESTI- MENTO REF.DI PLUS";"36277,87";"05/07/2010";"18:31:30"
"19/04/2021";"13:16:05";2010;2;"Eleiçăo Ordinária";37;"Eleiçőes 2010";"03/10/2010";"BR";"BR";"BRASIL";280000000015;34;71;"Fundo de investimento financeiro - FIF";"FUNDO DE INVESTIMENTOS EM AÇŐES VALE DO RIO DOCE BRADESCO -AG. 0762-5 CONTA CORRENTE 0734-0";"11378,81";"05/07/2010";"18:31:30"
"19/04/2021";"13:16:05";2010;2;"Eleiçăo Ordinária";37;"Eleiçőes 2010";"03/10/2010";"BR";"BR";"BRASIL";280000000015;35;71;"Fundo de investimento financeiro - FIF";"BRADESCO PRIME FIQ FIA DIVIDENDOS - AG. 0762-5 - CONTA CORRENTE 0734-0";"82000,00";"05/07/2010";"18:31:30"
"19/04/2021";"13:16:05";2010;2;"Eleiçăo Ordinária";37;"Eleiçőes 2010";"03/10/2010";"BR";"BR";"BRASIL";280000000015;36;71;"Fundo de investimento financeiro - FIF";"CDB BANCO DO BRASIL - AG. 1880-5-CONTA CORRENTE 10447-7 CDB BANCO DO BRASIL - AG. 1880-5-CONTA CORRENTE 10447-7";"64000,00";"05/07/2010";"18:31:30"
"19/04/2021";"13:16:05";2010;2;"Eleiçăo Ordinária";37;"Eleiçőes 2010";"03/10/2010";"BR";"BR";"BRASIL";280000000015;37;74;"Fundo de açőes, inclusive Carteira Livre e Fundo de Investimento no exterior";"BANCO BRADESCO FUNDO DE INV.MULTM. GOLDEN PROFIT 110.080,99";"110080,99";"05/07/2010";"18:31:30"
"19/04/2021";"13:16:05";2010;2;"Eleiçăo Ordinária";37;"Eleiçőes 2010";"03/10/2010";"BR";"BR";"BRASIL";280000000015;38;74;"Fundo de açőes, inclusive Carteira Livre e Fundo de Investimento no exterior";"BANCO DO BRASIL AG.4856-9-ESTILO ALTO BOA VISTA C/C 10447-7 F BB AÇŐES DIVIDENDOS";"62999,01";"05/07/2010";"18:31:30"
"19/04/2021";"13:16:05";2010;2;"Eleiçăo Ordinária";37;"Eleiçőes 2010";"03/10/2010";"BR";"BR";"BRASIL";280000000015;39;74;"Fundo de açőes, inclusive Carteira Livre e Fundo de Investimento no exterior";"BANCO DO BRASIL-AG.4856-9 ESTILO ALTO BOAVISTA C/C 10447-7 FBB";"18000,00";"05/07/2010";"18:31:30"
"19/04/2021";"13:16:05";2010;2;"Eleiçăo Ordinária";37;"Eleiçőes 2010";"03/10/2010";"BR";"BR";"BRASIL";280000000015;40;71;"Fundo de investimento financeiro - FIF";"SALDO EM CONTA CORRENTE BANCO DO BRASIL AG.4856-9-C/C 10447-7";"5279,61";"05/07/2010";"18:31:30"
"19/04/2021";"13:16:05";2010;2;"Eleiçăo Ordinária";37;"Eleiçőes 2010";"03/10/2010";"BR";"BR";"BRASIL";280000000016;1;13;"Terreno";"1/2 LOTE TERRENO- RUA AMÉRICO MIRANDA, JARDIM CATARINA- SG- RJ";"693,96";"05/07/2010";"18:31:30"
"19/04/2021";"13:16:05";2010;2;"Eleiçăo Ordinária";37;"Eleiçőes 2010";"03/10/2010";"BR";"BR";"BRASIL";280000000016;2;19;"Outros bens imóveis";"PROPRIEDADE RURAL- SALGADI SĂO FÉLIX - PB";"13879,45";"05/07/2010";"18:31:30"
"19/04/2021";"13:16:05";2010;2;"Eleiçăo Ordinária";37;"Eleiçőes 2010";"03/10/2010";"BR";"BR";"BRASIL";280000000016;3;19;"Outros bens imóveis";"PROPRIEDADE RURAL - SALGADO SĂO FÉLIX - PB";"2775,68";"05/07/2010";"18:31:30"
"19/04/2021";"13:16:05";2010;2;"Eleiçăo Ordinária";37;"Eleiçőes 2010";"03/10/2010";"BR";"BR";"BRASIL";280000000016;4;19;"Outros bens imóveis";"IMOVEL NA TRAVESSA JOAQUIM DE ALMEIDA, 21";"22100,00";"05/07/2010";"18:31:30"
"19/04/2021";"13:16:05";2010;2;"Eleiçăo Ordinária";37;"Eleiçőes 2010";"03/10/2010";"BR";"BR";"BRASIL";280000000016;5;19;"Outros bens imóveis";"IMÓVEL NA TRAVESSA JOAQUIM DE ALMEIDA, 21/ SOBRADO RJ";"22000,00";"05/07/2010";"18:31:30"
"19/04/2021";"13:16:05";2010;2;"Eleiçăo Ordinária";37;"Eleiçőes 2010";"03/10/2010";"BR";"BR";"BRASIL";280000000016;6;29;"Outros bens móveis";"AUTOMÓVEL - KOMBI PICKUP - ANO 1995";"6764,74";"05/07/2010";"18:31:30"
"19/04/2021";"13:16:05";2010;2;"Eleiçăo Ordinária";37;"Eleiçőes 2010";"03/10/2010";"BR";"BR";"BRASIL";280000000016;7;29;"Outros bens móveis";"AUTOMÓVEL FIAT SIENA 1.4 TETRAFULL 2008";"45000,00";"05/07/2010";"18:31:30"
"19/04/2021";"13:16:05";2010;2;"Eleiçăo Ordinária";37;"Eleiçőes 2010";"03/10/2010";"BR";"BR";"BRASIL";280000000016;8;29;"Outros bens móveis";"AUTOMÓVEL - AUDI SEDAN COMPLETO - ANO 1995";"25000,00";"05/07/2010";"18:31:30"
"19/04/2021";"13:16:05";2010;2;"Eleiçăo Ordinária";37;"Eleiçőes 2010";"03/10/2010";"BR";"BR";"BRASIL";280000000017;1;11;"Apartamento";"Apartamento em Laranjeiras Rio de Janeiro RJ";"112500,00";"05/07/2010";"18:51:09"
"19/04/2021";"13:16:05";2010;2;"Eleiçăo Ordinária";37;"Eleiçőes 2010";"03/10/2010";"BR";"BR";"BRASIL";280000000017;2;12;"Casa";"Casa e Terreno em Barra de Sao Joao cidade de Casimiro de Abreu RJ";"229000,00";"05/07/2010";"18:51:09"
"19/04/2021";"13:16:05";2010;2;"Eleiçăo Ordinária";37;"Eleiçőes 2010";"03/10/2010";"BR";"BR";"BRASIL";280000000017;3;21;"Veículo automotor terrestre: caminhăo, automóvel, moto, etc.";"Automovel Palio Fire 2003";"14300,00";"05/07/2010";"18:51:09"
"19/04/2021";"13:16:05";2010;2;"Eleiçăo Ordinária";37;"Eleiçőes 2010";"03/10/2010";"BR";"BR";"BRASIL";280000000018;1;11;"Apartamento";"Apartamento em Bela Vista em Sao Paulo SP";"200000,00";"05/07/2010";"18:51:10"
"19/04/2021";"13:16:05";2010;2;"Eleiçăo Ordinária";37;"Eleiçőes 2010";"03/10/2010";"BR";"BR";"BRASIL";280000000019;1;41;"Caderneta de poupança";"CONTA POUPANÇA NO BB/SA";"1021,72";"05/07/2010";"18:57:55"
"19/04/2021";"13:16:05";2010;2;"Eleiçăo Ordinária";37;"Eleiçőes 2010";"03/10/2010";"BR";"BR";"BRASIL";280000000019;2;41;"Caderneta de poupança";"CADERNETA DE POUPANÇA BB/SA";"26523,91";"05/07/2010";"18:57:55"
"19/04/2021";"13:16:05";2010;2;"Eleiçăo Ordinária";37;"Eleiçőes 2010";"03/10/2010";"BR";"BR";"BRASIL";280000000019;3;45;"Aplicaçăo de renda fixa (CDB, RDB e outros)";"APLICAÇĂO DE RENDA FIXA BB/SA";"44287,19";"05/07/2010";"18:57:55"
"19/04/2021";"13:16:05";2010;2;"Eleiçăo Ordinária";37;"Eleiçőes 2010";"03/10/2010";"BR";"BR";"BRASIL";280000000019;4;62;"Depósito bancário em conta corrente no exterior";"RIGGBANK ESTADOS UNIDOS DA AMÉRICA";"45983,38";"05/07/2010";"18:57:55"
"19/04/2021";"13:16:05";2010;2;"Eleiçăo Ordinária";37;"Eleiçőes 2010";"03/10/2010";"BR";"BR";"BRASIL";280000000019;5;61;"Depósito bancário em conta corrente no País";"BANCO DO BRASIL S/A AG MOEMA";"650,49";"05/07/2010";"18:57:55"
"19/04/2021";"13:16:05";2010;2;"Eleiçăo Ordinária";37;"Eleiçőes 2010";"03/10/2010";"BR";"BR";"BRASIL";280000000019;6;61;"Depósito bancário em conta corrente no País";"BB / SA";"27198,83";"05/07/2010";"18:57:55"
"19/04/2021";"13:16:05";2010;2;"Eleiçăo Ordinária";37;"Eleiçőes 2010";"03/10/2010";"BR";"BR";"BRASIL";280000000019;7;11;"Apartamento";"RUA GIRASSOL 1236 EM SĂO PAULO - SP 250 TABELIĂO DE NOTAS DA CAPITAL LIVRO 1601 FOLHA 109 (ADQUIRIDO EM 26/08/2004)";"115000,00";"05/07/2010";"18:57:55"
"19/04/2021";"13:16:05";2010;2;"Eleiçăo Ordinária";37;"Eleiçőes 2010";"03/10/2010";"BR";"BR";"BRASIL";280000000019;8;21;"Veículo automotor terrestre: caminhăo, automóvel, moto, etc.";"KOMBI WV ANO 1994 USADA (ADQUIRIDA EM 04/2007)";"7000,00";"05/07/2010";"18:57:55"
"19/04/2021";"13:16:05";2010;2;"Eleiçăo Ordinária";37;"Eleiçőes 2010";"03/10/2010";"BR";"BR";"BRASIL";280000000019;9;13;"Terreno";"PARTE IDEAL DE 14500 M2 LOTEAMENTO JARDIM ATIBAINHA NAZARÉ PAULISTA";"3609,76";"05/07/2010";"18:57:55"
"19/04/2021";"13:16:05";2010;2;"Eleiçăo Ordinária";37;"Eleiçőes 2010";"03/10/2010";"BR";"BR";"BRASIL";280000000019;10;13;"Terreno";"SÍTIO SĂO JOĂO DA BOA VISTA SĂO PAULO, 200 CARTÓRIO DE NOTAS LIVRO 216 PÁGINA 13";"153828,78";"05/07/2010";"18:57:55"
"19/04/2021";"13:16:05";2010;2;"Eleiçăo Ordinária";37;"Eleiçőes 2010";"03/10/2010";"BR";"BR";"BRASIL";280000000019;11;45;"Aplicaçăo de renda fixa (CDB, RDB e outros)";"APLICAÇĂO FINANCEIRAS (BRESSER AD. RECURSOS. BANCO ITAÚ E CREDIT SUISSE/HEDGING-GRIFFO)";"1700000,00";"05/07/2010";"18:57:55"
"19/04/2021";"13:16:05";2010;2;"Eleiçăo Ordinária";37;"Eleiçőes 2010";"03/10/2010";"BR";"BR";"BRASIL";280000000019;12;21;"Veículo automotor terrestre: caminhăo, automóvel, moto, etc.";"HONDA CIVIC MODELO 2002 LX PLACA DFZ 2015";"22000,00";"05/07/2010";"18:57:55"
"19/04/2021";"13:16:05";2010;2;"Eleiçăo Ordinária";37;"Eleiçőes 2010";"03/10/2010";"BR";"BR";"BRASIL";280000000020;1;29;"Outros bens móveis";"WV SANTANA 2004";"19000,00";"05/07/2010";"18:57:55"
"19/04/2021";"13:16:05";2010;2;"Eleiçăo Ordinária";37;"Eleiçőes 2010";"03/10/2010";"BR";"BR";"BRASIL";280000000001;1;12;"Casa";"Casa na Cidade de Rio Branco, Estado do Acre.";"60000,00";"01/07/2010";"16:34:27"
"19/04/2021";"13:16:05";2010;2;"Eleiçăo Ordinária";37;"Eleiçőes 2010";"03/10/2010";"BR";"BR";"BRASIL";280000000001;2;13;"Terreno";"Seis lotes totalizando área de 16.197 m.";"42481,50";"01/07/2010";"16:34:27"
"19/04/2021";"13:16:05";2010;2;"Eleiçăo Ordinária";37;"Eleiçőes 2010";"03/10/2010";"BR";"BR";"BRASIL";280000000001;3;61;"Depósito bancário em conta corrente no País";"Saldo em conta corrente";"46782,88";"01/07/2010";"16:34:27"
"19/04/2021";"13:16:05";2010;2;"Eleiçăo Ordinária";37;"Eleiçőes 2010";"03/10/2010";"BR";"BR";"BRASIL";280000000002;1;11;"Apartamento";"IMÓVEL SITUADO NO JARDIM PAULISTA";"1754400,00";"01/07/2010";"16:34:27"
"19/04/2021";"13:16:05";2010;2;"Eleiçăo Ordinária";37;"Eleiçőes 2010";"03/10/2010";"BR";"BR";"BRASIL";280000000002;2;12;"Casa";"RESERVA DE USUFRUTO DE 2 CASAS JARDIM EUROPA";"1593718,00";"01/07/2010";"16:34:27"
"19/04/2021";"13:16:05";2010;2;"Eleiçăo Ordinária";37;"Eleiçőes 2010";"03/10/2010";"BR";"BR";"BRASIL";280000000002;3;13;"Terreno";"DOIS TERRENOS NO MUNICÍPIO DE ILHABELA";"21195,00";"01/07/2010";"16:34:27"
"19/04/2021";"13:16:05";2010;2;"Eleiçăo Ordinária";37;"Eleiçőes 2010";"03/10/2010";"BR";"BR";"BRASIL";280000000002;4;23;"Embarcaçăo";"EMBARCAÇĂO TIPO LANCHA";"608020,00";"01/07/2010";"16:34:27"
"19/04/2021";"13:16:05";2010;2;"Eleiçăo Ordinária";37;"Eleiçőes 2010";"03/10/2010";"BR";"BR";"BRASIL";280000000002;5;92;"Título de clube e assemelhado";"DIREITO DE USO E CONSTRUÇĂO IATE CLUBE DE SANTOS E MARINAS NACIONAIS";"127866,00";"01/07/2010";"16:34:27"
"19/04/2021";"13:16:05";2010;2;"Eleiçăo Ordinária";37;"Eleiçőes 2010";"03/10/2010";"BR";"BR";"BRASIL";280000000002;6;19;"Outros bens imóveis";"JAZIGO NO CEMITÉRIO MORUMBI";"3900,00";"01/07/2010";"16:34:27"
"19/04/2021";"13:16:05";2010;2;"Eleiçăo Ordinária";37;"Eleiçőes 2010";"03/10/2010";"BR";"BR";"BRASIL";280000000002;7;25;"Jóia, quadro, objeto de arte, de coleçăo, antiguidade, etc.";"OBRAS DE ARTE";"5760486,00";"01/07/2010";"16:34:27"
"19/04/2021";"13:16:05";2010;2;"Eleiçăo Ordinária";37;"Eleiçőes 2010";"03/10/2010";"BR";"BR";"BRASIL";280000000002;8;31;"Açőes (inclusive as provenientes de linha telefônica)";"3.462.917 açőes da Natura Cosméticos S/A.";"17532087,00";"01/07/2010";"16:34:27"
"19/04/2021";"13:16:05";2010;2;"Eleiçăo Ordinária";37;"Eleiçőes 2010";"03/10/2010";"BR";"BR";"BRASIL";280000000002;9;31;"Açőes (inclusive as provenientes de linha telefônica)";"5.716.131 açőes e afac da Utopia Participaçőes S.A.";"5723809,00";"01/07/2010";"16:34:27"
"19/04/2021";"13:16:05";2010;2;"Eleiçăo Ordinária";37;"Eleiçőes 2010";"03/10/2010";"BR";"BR";"BRASIL";280000000002;10;31;"Açőes (inclusive as provenientes de linha telefônica)";"usufruto s/ 6.007.680 açőes Utopia Participaçőes S.A.";"2002560,00";"01/07/2010";"16:34:27"
"19/04/2021";"13:16:05";2010;2;"Eleiçăo Ordinária";37;"Eleiçőes 2010";"03/10/2010";"BR";"BR";"BRASIL";280000000002;11;31;"Açőes (inclusive as provenientes de linha telefônica)";"Direitos patrimonias correspondentes a 10 por cento no valor de 91.557.964 de açőes da Natura Cosm.";"1302652,00";"01/07/2010";"16:34:27"
"19/04/2021";"13:16:05";2010;2;"Eleiçăo Ordinária";37;"Eleiçőes 2010";"03/10/2010";"BR";"BR";"BRASIL";280000000002;12;32;"Quotas ou quinhőes de capital";"Quotas da Apis LLC em Delaware - EUA";"376754833,00";"01/07/2010";"16:34:27"
"19/04/2021";"13:16:05";2010;2;"Eleiçăo Ordinária";37;"Eleiçőes 2010";"03/10/2010";"BR";"BR";"BRASIL";280000000002;13;32;"Quotas ou quinhőes de capital";"Quotas da Apoena Adm. Participaçőes Ltda.";"52068459,00";"01/07/2010";"16:34:27"
"19/04/2021";"13:16:05";2010;2;"Eleiçăo Ordinária";37;"Eleiçőes 2010";"03/10/2010";"BR";"BR";"BRASIL";280000000002;14;32;"Quotas ou quinhőes de capital";"Quotas e afac na Modusvivendi Participaçőes Ltda.";"35713279,00";"01/07/2010";"16:34:27"
"19/04/2021";"13:16:05";2010;2;"Eleiçăo Ordinária";37;"Eleiçőes 2010";"03/10/2010";"BR";"BR";"BRASIL";280000000002;15;32;"Quotas ou quinhőes de capital";"Quotas e afac da SG Debret Participaçőes Ltda.";"13014686,00";"01/07/2010";"16:34:27"
"19/04/2021";"13:16:05";2010;2;"Eleiçăo Ordinária";37;"Eleiçőes 2010";"03/10/2010";"BR";"BR";"BRASIL";280000000002;16;32;"Quotas ou quinhőes de capital";"Quotas e afac na Gpleal Adm. Participaçőes Ltda.";"8179904,00";"01/07/2010";"16:34:27"
"19/04/2021";"13:16:05";2010;2;"Eleiçăo Ordinária";37;"Eleiçőes 2010";"03/10/2010";"BR";"BR";"BRASIL";280000000002;17;32;"Quotas ou quinhőes de capital";"Quotas da Dédalus Adm. Participaçőes Ltda.";"7534256,00";"01/07/2010";"16:34:27"
"19/04/2021";"13:16:05";2010;2;"Eleiçăo Ordinária";37;"Eleiçőes 2010";"03/10/2010";"BR";"BR";"BRASIL";280000000002;18;32;"Quotas ou quinhőes de capital";"Quotas na Janos Com. Adm, Participaçőes Ltda.";"3300722,00";"01/07/2010";"16:34:27"
"19/04/2021";"13:16:05";2010;2;"Eleiçăo Ordinária";37;"Eleiçőes 2010";"03/10/2010";"BR";"BR";"BRASIL";280000000002;19;31;"Açőes (inclusive as provenientes de linha telefônica)";"Açőes da Biofílica Investimentos Ambientais S.A.";"3000000,00";"01/07/2010";"16:34:27"
"19/04/2021";"13:16:05";2010;2;"Eleiçăo Ordinária";37;"Eleiçőes 2010";"03/10/2010";"BR";"BR";"BRASIL";280000000002;20;32;"Quotas ou quinhőes de capital";"Quotas na GPL Empreendimentos e Participaçőes Ltda.";"1001946,00";"01/07/2010";"16:34:27"
"19/04/2021";"13:16:05";2010;2;"Eleiçăo Ordinária";37;"Eleiçőes 2010";"03/10/2010";"BR";"BR";"BRASIL";280000000002;21;32;"Quotas ou quinhőes de capital";"Quotas e afac na Santa Tereza Desenvolvimento Imobiliário Ltda.";"438443,00";"01/07/2010";"16:34:27"
"19/04/2021";"13:16:05";2010;2;"Eleiçăo Ordinária";37;"Eleiçőes 2010";"03/10/2010";"BR";"BR";"BRASIL";280000000002;22;32;"Quotas ou quinhőes de capital";"Quotas e afac na Tec Invest Ltda.";"223836,00";"01/07/2010";"16:34:27"
"19/04/2021";"13:16:05";2010;2;"Eleiçăo Ordinária";37;"Eleiçőes 2010";"03/10/2010";"BR";"BR";"BRASIL";280000000002;23;51;"Crédito decorrente de empréstimo";"Empréstimos a receber";"8362063,00";"01/07/2010";"16:34:27"
"19/04/2021";"13:16:05";2010;2;"Eleiçăo Ordinária";37;"Eleiçőes 2010";"03/10/2010";"BR";"BR";"BRASIL";280000000002;24;62;"Depósito bancário em conta corrente no exterior";"Depósito no Banco Itaú Europa Luxemburgo";"2850193,00";"01/07/2010";"16:34:27"
"19/04/2021";"13:16:05";2010;2;"Eleiçăo Ordinária";37;"Eleiçőes 2010";"03/10/2010";"BR";"BR";"BRASIL";280000000002;25;62;"Depósito bancário em conta corrente no exterior";"Depósito no Banco Itaú Europa Internacional - Miami Ofice";"356686,00";"01/07/2010";"16:34:27"
"19/04/2021";"13:16:05";2010;2;"Eleiçăo Ordinária";37;"Eleiçőes 2010";"03/10/2010";"BR";"BR";"BRASIL";280000000002;26;61;"Depósito bancário em conta corrente no País";"Depósitos em conta corrente no Banco Itaú";"2667049,00";"01/07/2010";"16:34:27"
"19/04/2021";"13:16:05";2010;2;"Eleiçăo Ordinária";37;"Eleiçőes 2010";"03/10/2010";"BR";"BR";"BRASIL";280000000002;27;71;"Fundo de investimento financeiro - FIF";"Aplicaçőes financeiras junto ao Banco Itaú";"625151561,00";"01/07/2010";"16:34:27"
"19/04/2021";"13:16:05";2010;2;"Eleiçăo Ordinária";37;"Eleiçőes 2010";"03/10/2010";"BR";"BR";"BRASIL";280000000002;28;71;"Fundo de investimento financeiro - FIF";"Aplicaçőes financeiras junto ao Credit Suisse Hedging Griffo";"12226372,00";"01/07/2010";"16:34:27"
"19/04/2021";"13:16:05";2010;2;"Eleiçăo Ordinária";37;"Eleiçőes 2010";"03/10/2010";"BR";"BR";"BRASIL";280000000002;29;71;"Fundo de investimento financeiro - FIF";"Aplicaçőes financeiras junto ao Banco Santander";"6118850,00";"01/07/2010";"16:34:27"
"19/04/2021";"13:16:05";2010;2;"Eleiçăo Ordinária";37;"Eleiçőes 2010";"03/10/2010";"BR";"BR";"BRASIL";280000000002;30;71;"Fundo de investimento financeiro - FIF";"Aplicaçăo finnaceira junto ao BNY Mellon";"2336160,00";"01/07/2010";"16:34:27"
"19/04/2021";"13:16:05";2010;2;"Eleiçăo Ordinária";37;"Eleiçőes 2010";"03/10/2010";"BR";"BR";"BRASIL";280000000003;1;21;"Veículo automotor terrestre: caminhăo, automóvel, moto, etc.";"GOL POWER 1.6 ANO 2006";"16000,00";"05/07/2010";"11:27:59"
"19/04/2021";"13:16:05";2010;2;"Eleiçăo Ordinária";37;"Eleiçőes 2010";"03/10/2010";"BR";"BR";"BRASIL";280000000005;1;11;"Apartamento";"Apartamento financiado com 2 boxes a Rua Couto de Magalhaes 1155 502 Porto Alegre RS adquirido em novembro de 1992 quitado em 2003";"250520,00";"05/07/2010";"11:50:43"
"19/04/2021";"13:16:05";2010;2;"Eleiçăo Ordinária";37;"Eleiçőes 2010";"03/10/2010";"BR";"BR";"BRASIL";280000000005;2;11;"Apartamento";"Apartamento sito a Rua Copacabana 1205 503 Porto Alegre RS";"290302,29";"05/07/2010";"11:50:43"
"19/04/2021";"13:16:05";2010;2;"Eleiçăo Ordinária";37;"Eleiçőes 2010";"03/10/2010";"BR";"BR";"BRASIL";280000000005;3;12;"Casa";"Casa sutuada na Rua Visconde do Herval 442 Porto Alegre RS";"104047,44";"05/07/2010";"11:50:43"
"19/04/2021";"13:16:05";2010;2;"Eleiçăo Ordinária";37;"Eleiçőes 2010";"03/10/2010";"BR";"BR";"BRASIL";280000000005;4;21;"Veículo automotor terrestre: caminhăo, automóvel, moto, etc.";"Automovel Fiat Tipo Ano 1996 Placa IEG 6283 adquirido em 15 de junho de 1996";"30642,00";"05/07/2010";"11:50:43"
"19/04/2021";"13:16:05";2010;2;"Eleiçăo Ordinária";37;"Eleiçőes 2010";"03/10/2010";"BR";"BR";"BRASIL";280000000005;5;31;"Açőes (inclusive as provenientes de linha telefônica)";"Acoes da CRT referente a aquisicao de um telefone";"3082,00";"05/07/2010";"11:50:43"
"19/04/2021";"13:16:05";2010;2;"Eleiçăo Ordinária";37;"Eleiçőes 2010";"03/10/2010";"BR";"BR";"BRASIL";280000000005;6;61;"Depósito bancário em conta corrente no País";"Saldo em conta corrente na Caixa Economica Federal em 31 de dezembro de 2009 conforme declaracao de Imposto de Renda";"3176,16";"05/07/2010";"11:50:43"
"19/04/2021";"13:16:05";2010;2;"Eleiçăo Ordinária";37;"Eleiçőes 2010";"03/10/2010";"BR";"BR";"BRASIL";280000000005;7;63;"Dinheiro em espécie - moeda nacional";"Dinheiro em especie moeda nacional";"113300,00";"05/07/2010";"11:50:43"
"19/04/2021";"13:16:05";2010;2;"Eleiçăo Ordinária";37;"Eleiçőes 2010";"03/10/2010";"BR";"BR";"BRASIL";280000000005;8;71;"Fundo de investimento financeiro - FIF";"Fundo de Investimento no Banco do Estado do Rio Grande do Sul SA";"3729,99";"05/07/2010";"11:50:43"
"19/04/2021";"13:16:05";2010;2;"Eleiçăo Ordinária";37;"Eleiçőes 2010";"03/10/2010";"BR";"BR";"BRASIL";280000000005;9;25;"Jóia, quadro, objeto de arte, de coleçăo, antiguidade, etc.";"Joias adquiridas";"52500,00";"05/07/2010";"11:50:43"
"19/04/2021";"13:16:05";2010;2;"Eleiçăo Ordinária";37;"Eleiçőes 2010";"03/10/2010";"BR";"BR";"BRASIL";280000000005;10;19;"Outros bens imóveis";"Pagamento de sinal referente a aquisicao do Lote 84 do Condominio Alphaville Porto Alegre Norte Porto Alegre RS";"49542,47";"05/07/2010";"11:50:43"
"19/04/2021";"13:16:05";2010;2;"Eleiçăo Ordinária";37;"Eleiçőes 2010";"03/10/2010";"BR";"BR";"BRASIL";280000000005;11;11;"Apartamento";"Apartamento 1001 Bloco A Edificio Solar sito na Avenida Joao Pinheiro 65 Belo Horizonte MG recebido por heranca";"118611,00";"05/07/2010";"11:50:43"
"19/04/2021";"13:16:05";2010;2;"Eleiçăo Ordinária";37;"Eleiçőes 2010";"03/10/2010";"BR";"BR";"BRASIL";280000000005;12;41;"Caderneta de poupança";"Caderneta de poupanca na Caixa Economica Federal Agencia em 31 de dezembro de 2009 conforme declaracao de Imposto de Renda";"46894,12";"05/07/2010";"11:50:43"
"19/04/2021";"13:16:05";2010;2;"Eleiçăo Ordinária";37;"Eleiçőes 2010";"03/10/2010";"BR";"BR";"BRASIL";280000000006;1;11;"Apartamento";"APTO 121 R PEDROSO ALVARENGA 1088 CAPITAL ADQUIRIDO EM 1999";"100000,00";"05/07/2010";"11:50:43"
"19/04/2021";"13:16:05";2010;2;"Eleiçăo Ordinária";37;"Eleiçőes 2010";"03/10/2010";"BR";"BR";"BRASIL";280000000006;2;19;"Outros bens imóveis";"PREDIO C370 M2 DE AREA CONSTRUIDA E RESPEC TERRENO C546 M2 A R BENNETT E PCA CONDE BARCELOS 377 CAPITAL ADQUIRIDA EM 1998";"722977,41";"05/07/2010";"11:50:43"
"19/04/2021";"13:16:05";2010;2;"Eleiçăo Ordinária";37;"Eleiçőes 2010";"03/10/2010";"BR";"BR";"BRASIL";280000000006;3;19;"Outros bens imóveis";"LOTE DE TERRENO HAVIDO POR ESCRITURA PUBLICA DE DIVISAO AMIGAVEL REGISTRO DE IMOVEIS DE TIETE SP";"34698,63";"05/07/2010";"11:50:43"
"19/04/2021";"13:16:05";2010;2;"Eleiçăo Ordinária";37;"Eleiçőes 2010";"03/10/2010";"BR";"BR";"BRASIL";280000000006;4;19;"Outros bens imóveis";"LOTES 4 5 E 6 QUADRA E JARDIM DE ALA TIETE SP";"20819,17";"05/07/2010";"11:50:43"
"19/04/2021";"13:16:05";2010;2;"Eleiçăo Ordinária";37;"Eleiçőes 2010";"03/10/2010";"BR";"BR";"BRASIL";280000000006;5;19;"Outros bens imóveis";"LOTE N 2 JARDIM DE ALA TIETE SP";"20819,17";"05/07/2010";"11:50:43"
"19/04/2021";"13:16:05";2010;2;"Eleiçăo Ordinária";37;"Eleiçőes 2010";"03/10/2010";"BR";"BR";"BRASIL";280000000006;6;19;"Outros bens imóveis";"LOTES NS 9 10 11 12 20 21 22 E 23 JARDIM DE ALA TIETE SP";"77724,95";"05/07/2010";"11:50:43"
"19/04/2021";"13:16:05";2010;2;"Eleiçăo Ordinária";37;"Eleiçőes 2010";"03/10/2010";"BR";"BR";"BRASIL";280000000006;7;19;"Outros bens imóveis";"UM QUINTO IDEAL DA CHACARA SAO MIGUEL TIETE SP";"13879,44";"05/07/2010";"11:50:43"
"19/04/2021";"13:16:05";2010;2;"Eleiçăo Ordinária";37;"Eleiçőes 2010";"03/10/2010";"BR";"BR";"BRASIL";280000000006;8;15;"Sala ou conjunto";"CONJ N 101 EDIFICIO LUGANO R PEDROSO ALVARENGA 900 CAPITAL SP";"190000,00";"05/07/2010";"11:50:43"
"19/04/2021";"13:16:05";2010;2;"Eleiçăo Ordinária";37;"Eleiçőes 2010";"03/10/2010";"BR";"BR";"BRASIL";280000000006;9;15;"Sala ou conjunto";"CONJ N 102 EDIFICIO LUGANO R PEDROSO ALVARENGA 900 CAPITAL SP";"190000,00";"05/07/2010";"11:50:43"
"19/04/2021";"13:16:05";2010;2;"Eleiçăo Ordinária";37;"Eleiçőes 2010";"03/10/2010";"BR";"BR";"BRASIL";280000000006;10;21;"Veículo automotor terrestre: caminhăo, automóvel, moto, etc.";"AUTOMOVEL AUDI A6 30 ANO MODELO 2003 PLACA DLL 1175";"282000,00";"05/07/2010";"11:50:43"
"19/04/2021";"13:16:05";2010;2;"Eleiçăo Ordinária";37;"Eleiçőes 2010";"03/10/2010";"BR";"BR";"BRASIL";280000000006;11;39;"Outras participaçőes societárias";"QUATRO POR CENTO DOS DIREITOS AQUIS SOBRE IMOVEIS A R ASPACIA R IGUATEMI E R TABAPUA CAPITAL SP";"2200000,00";"05/07/2010";"11:50:43"
"19/04/2021";"13:16:05";2010;2;"Eleiçăo Ordinária";37;"Eleiçőes 2010";"03/10/2010";"BR";"BR";"BRASIL";280000000006;12;19;"Outros bens imóveis";"EMPR IMOBILIARIO SCP YUNY INCORPORADORA SA";"639378,49";"05/07/2010";"11:50:43"
"19/04/2021";"13:16:05";2010;2;"Eleiçăo Ordinária";37;"Eleiçőes 2010";"03/10/2010";"BR";"BR";"BRASIL";280000000006;13;71;"Fundo de investimento financeiro - FIF";"FUNDO INVESTIMENTO EM COSTA DE FI 6800 CAIXA ECONOMICA FEDERAL";"184956,87";"05/07/2010";"11:50:43"
"19/04/2021";"13:16:05";2010;2;"Eleiçăo Ordinária";37;"Eleiçőes 2010";"03/10/2010";"BR";"BR";"BRASIL";280000000006;14;61;"Depósito bancário em conta corrente no País";"CONTA CORRENTE CAIXA ECONOMICA FEDERAL CONF DECL IMP RENDA";"106,37";"05/07/2010";"11:50:43"
"19/04/2021";"13:16:05";2010;2;"Eleiçăo Ordinária";37;"Eleiçőes 2010";"03/10/2010";"BR";"BR";"BRASIL";280000000006;15;39;"Outras participaçőes societárias";"NOVE MIL E OITOCENTAS COTAS DA EMPRESA TEMER ADVOGADOS ASSOCIADOS";"9800,00";"05/07/2010";"11:50:43"
"19/04/2021";"13:16:05";2010;2;"Eleiçăo Ordinária";37;"Eleiçőes 2010";"03/10/2010";"BR";"BR";"BRASIL";280000000006;16;61;"Depósito bancário em conta corrente no País";"SALDO EM CONTA CORRENTE NOSSA CAIXA SA";"1406,98";"05/07/2010";"11:50:43"
"19/04/2021";"13:16:05";2010;2;"Eleiçăo Ordinária";37;"Eleiçőes 2010";"03/10/2010";"BR";"BR";"BRASIL";280000000006;17;46;"Ouro, ativo financeiro";"CDB SANTANDER SA";"550613,62";"05/07/2010";"11:50:43"
"19/04/2021";"13:16:05";2010;2;"Eleiçăo Ordinária";37;"Eleiçőes 2010";"03/10/2010";"BR";"BR";"BRASIL";280000000006;18;46;"Ouro, ativo financeiro";"SALDO CREDOR EM CONTA CORRENTE TEMER ADVOGADOS ASSOCIADOS";"39061,78";"05/07/2010";"11:50:43"
"19/04/2021";"13:16:05";2010;2;"Eleiçăo Ordinária";37;"Eleiçőes 2010";"03/10/2010";"BR";"BR";"BRASIL";280000000006;19;61;"Depósito bancário em conta corrente no País";"SALDO EM CONTA CORRENTE NO BANCO DO BRASIL";"6826,34";"05/07/2010";"11:50:43"
"19/04/2021";"13:16:05";2010;2;"Eleiçăo Ordinária";37;"Eleiçőes 2010";"03/10/2010";"BR";"BR";"BRASIL";280000000006;20;61;"Depósito bancário em conta corrente no País";"SALDO EM CONTA CORRENTE BANCO DO BRASIL";"107,44";"05/07/2010";"11:50:43"
"19/04/2021";"13:16:05";2010;2;"Eleiçăo Ordinária";37;"Eleiçőes 2010";"03/10/2010";"BR";"BR";"BRASIL";280000000006;21;61;"Depósito bancário em conta corrente no País";"SALDO EM CONTA CORRENTE BANCO DO BRASIL CONGRESSO DF";"32189,82";"05/07/2010";"11:50:43"
"19/04/2021";"13:16:05";2010;2;"Eleiçăo Ordinária";37;"Eleiçőes 2010";"03/10/2010";"BR";"BR";"BRASIL";280000000006;22;61;"Depósito bancário em conta corrente no País";"SALDO EM CONTA CORRENTE BANCO SANTANDER SA";"10,00";"05/07/2010";"11:50:43"
"19/04/2021";"13:16:05";2010;2;"Eleiçăo Ordinária";37;"Eleiçőes 2010";"03/10/2010";"BR";"BR";"BRASIL";280000000006;23;71;"Fundo de investimento financeiro - FIF";"ABN AMRO ASSET MANAGEMENT DTVM SA FIC";"6571,23";"05/07/2010";"11:50:43"
"19/04/2021";"13:16:05";2010;2;"Eleiçăo Ordinária";37;"Eleiçőes 2010";"03/10/2010";"BR";"BR";"BRASIL";280000000006;24;74;"Fundo de açőes, inclusive Carteira Livre e Fundo de Investimento no exterior";"ABN AMRO ASSET MANAGEMENT DTVM SA SB FIC FI ONIX ACOES";"0,01";"05/07/2010";"11:50:43"
"19/04/2021";"13:16:05";2010;2;"Eleiçăo Ordinária";37;"Eleiçőes 2010";"03/10/2010";"BR";"BR";"BRASIL";280000000006;25;71;"Fundo de investimento financeiro - FIF";"ABN AMRO ASSET MANAGEMENT DTVM SA SB FIC FI MASTER";"73471,66";"05/07/2010";"11:50:43"
"19/04/2021";"13:16:05";2010;2;"Eleiçăo Ordinária";37;"Eleiçőes 2010";"03/10/2010";"BR";"BR";"BRASIL";280000000006;26;61;"Depósito bancário em conta corrente no País";"SALDO EM CONTA CORRENTE BANCO SANTANDER SA 0411";"15270,97";"05/07/2010";"11:50:43"
"19/04/2021";"13:16:05";2010;2;"Eleiçăo Ordinária";37;"Eleiçőes 2010";"03/10/2010";"BR";"BR";"BRASIL";280000000006;27;71;"Fundo de investimento financeiro - FIF";"BANCO SANTANDER BRASIL SA";"88700,00";"05/07/2010";"11:50:43"
"19/04/2021";"13:16:05";2010;2;"Eleiçăo Ordinária";37;"Eleiçőes 2010";"03/10/2010";"BR";"BR";"BRASIL";280000000006;28;71;"Fundo de investimento financeiro - FIF";"SANTANDER BRASIL AM DTVM REAL FIQ REFERENCIADO DI SUPREMO";"30926,16";"05/07/2010";"11:50:43"
"19/04/2021";"13:16:05";2010;2;"Eleiçăo Ordinária";37;"Eleiçőes 2010";"03/10/2010";"BR";"BR";"BRASIL";280000000006;29;73;"Fundo de capitalizaçăo";"BANCO SANTANDER BRASIL SA";"1,00";"05/07/2010";"11:50:43"
"19/04/2021";"13:16:05";2010;2;"Eleiçăo Ordinária";37;"Eleiçőes 2010";"03/10/2010";"BR";"BR";"BRASIL";280000000006;30;61;"Depósito bancário em conta corrente no País";"BANCO DO BRASIL SA CONTA";"101,73";"05/07/2010";"11:50:43"
"19/04/2021";"13:16:05";2010;2;"Eleiçăo Ordinária";37;"Eleiçőes 2010";"03/10/2010";"BR";"BR";"BRASIL";280000000006;31;71;"Fundo de investimento financeiro - FIF";"BANCO DO BRASIL SA BB R FIXA LP 200 ML";"445359,95";"05/07/2010";"11:50:43"
"19/04/2021";"13:16:05";2010;2;"Eleiçăo Ordinária";37;"Eleiçőes 2010";"03/10/2010";"BR";"BR";"BRASIL";280000000006;32;21;"Veículo automotor terrestre: caminhăo, automóvel, moto, etc.";"VW SANTANA 20 ANO MODELO 2005 PLACA AMT 1880";"25000,00";"05/07/2010";"11:50:43"
"19/04/2021";"13:16:05";2010;2;"Eleiçăo Ordinária";37;"Eleiçőes 2010";"03/10/2010";"BR";"BR";"BRASIL";280000000006;33;21;"Veículo automotor terrestre: caminhăo, automóvel, moto, etc.";"AUTOMOVEL GM VECTRA SEDAN ELITE 24 ANO MODELO 2006 PLACA DQV 8117";"50000,00";"05/07/2010";"11:50:43"
"19/04/2021";"13:16:05";2010;2;"Eleiçăo Ordinária";37;"Eleiçőes 2010";"03/10/2010";"BR";"BR";"BRASIL";280000000007;1;12;"Casa";"1/3 DE IMÓVEL CONSTITUÍDO POR CASA E RESPECTIVO TERRENO SITUADO EM SĂO PAULO - CAPITAL, MATRICULADO NO 10. CART. REG. IMÓVEIS.";"80000,00";"05/07/2010";"12:19:16"
"19/04/2021";"13:16:05";2010;2;"Eleiçăo Ordinária";37;"Eleiçőes 2010";"03/10/2010";"BR";"BR";"BRASIL";280000000009;1;39;"Outras participaçőes societárias";"EMPRESA LA SAISON";"4898,40";"05/07/2010";"12:46:34"
"19/04/2021";"13:16:05";2010;2;"Eleiçăo Ordinária";37;"Eleiçőes 2010";"03/10/2010";"BR";"BR";"BRASIL";280000000009;2;39;"Outras participaçőes societárias";"EMPRESA AEROTREM INT. LTDA";"10000,00";"05/07/2010";"12:46:34"
"19/04/2021";"13:16:05";2010;2;"Eleiçăo Ordinária";37;"Eleiçőes 2010";"03/10/2010";"BR";"BR";"BRASIL";280000000009;3;39;"Outras participaçőes societárias";"EMPRESA UFIBRAS LOG.";"5000,00";"05/07/2010";"12:46:34"
"19/04/2021";"13:16:05";2010;2;"Eleiçăo Ordinária";37;"Eleiçőes 2010";"03/10/2010";"BR";"BR";"BRASIL";280000000009;4;19;"Outros bens imóveis";"APTO. FINANC. SP, BAIRRO CAMPO BELO";"80074,14";"05/07/2010";"12:46:34"
"19/04/2021";"13:16:05";2010;2;"Eleiçăo Ordinária";37;"Eleiçőes 2010";"03/10/2010";"BR";"BR";"BRASIL";280000000009;5;21;"Veículo automotor terrestre: caminhăo, automóvel, moto, etc.";"MARCA FIAT, PLACA CBN 8208";"15752,00";"05/07/2010";"12:46:34"
"19/04/2021";"13:16:05";2010;2;"Eleiçăo Ordinária";37;"Eleiçőes 2010";"03/10/2010";"BR";"BR";"BRASIL";280000000009;6;41;"Caderneta de poupança";"DEPOSITADO NA CEF";"20000,00";"05/07/2010";"12:46:34"
"19/04/2021";"13:16:05";2010;2;"Eleiçăo Ordinária";37;"Eleiçőes 2010";"03/10/2010";"BR";"BR";"BRASIL";280000000009;7;29;"Outros bens móveis";"MOBILIÁRIOS DE ESCRITÓRIO";"15000,00";"05/07/2010";"12:46:34"
"19/04/2021";"13:16:05";2010;2;"Eleiçăo Ordinária";37;"Eleiçőes 2010";"03/10/2010";"BR";"BR";"BRASIL";280000000010;1;12;"Casa";"IMOVEL RESIDENCIAL, SITUADA NA ESTRADA DO ESPIGĂO, COTIA/SP, FINANCIADO JUNTO A CEF";"150000,00";"05/07/2010";"12:46:34"
"19/04/2021";"13:16:05";2010;2;"Eleiçăo Ordinária";37;"Eleiçőes 2010";"03/10/2010";"BR";"BR";"BRASIL";280000000010;2;21;"Veículo automotor terrestre: caminhăo, automóvel, moto, etc.";"MARCA HONDA, MODELO FIT, ANO 2009, FINANCIADO JUNTO A INSTITUIÇĂO FINANCEIRA";"45660,00";"05/07/2010";"12:46:34"
"19/04/2021";"13:16:05";2010;2;"Eleiçăo Ordinária";37;"Eleiçőes 2010";"03/10/2010";"BR";"BR";"BRASIL";280000000010;3;21;"Veículo automotor terrestre: caminhăo, automóvel, moto, etc.";"MARCA FORD, MODELO KA, ANO 2009, FINANCIADO JUNTO A INSTITUIÇĂO FINANCEIRA";"23730,00";"05/07/2010";"12:46:34"
"19/04/2021";"13:16:05";2010;2;"Eleiçăo Ordinária";37;"Eleiçőes 2010";"03/10/2010";"BR";"BR";"BRASIL";280000000011;1;12;"Casa";"1 IMÓVEL NO LOTEAMENTO DA FAZENDA CAMPO VERDE, IBIÚNA - SP, CASA DE VERANEIO, SITUADA NO CLUBE ANGICO";"61069,81";"05/07/2010";"17:47:10"
"19/04/2021";"13:16:05";2010;2;"Eleiçăo Ordinária";37;"Eleiçőes 2010";"03/10/2010";"BR";"BR";"BRASIL";280000000011;2;13;"Terreno";"PARTE DE UMA ÁREA DE 14.365 M˛, LOCALIZADA EM ATIBAINHA, MUNICÍPIO DE PIRACAIA - SP";"44414,25";"05/07/2010";"17:47:10"
"19/04/2021";"13:16:05";2010;2;"Eleiçăo Ordinária";37;"Eleiçőes 2010";"03/10/2010";"BR";"BR";"BRASIL";280000000011;3;15;"Sala ou conjunto";"3 SALAS COMERCIAIS DO ED. PREMIUN TOWER ALTAMURA, SITO NA RUA ARTHUR DE AZEVEDO, N. 1767, SĂO PAULO-SP";"240000,00";"05/07/2010";"17:47:10"
"19/04/2021";"13:16:05";2010;2;"Eleiçăo Ordinária";37;"Eleiçőes 2010";"03/10/2010";"BR";"BR";"BRASIL";280000000011;4;41;"Caderneta de poupança";"CAIXA ECONÔMICA FEDERAL, POUPANÇA 111.590-9";"3558,88";"05/07/2010";"17:47:10"
"19/04/2021";"13:16:05";2010;2;"Eleiçăo Ordinária";37;"Eleiçőes 2010";"03/10/2010";"BR";"BR";"BRASIL";280000000011;5;45;"Aplicaçăo de renda fixa (CDB, RDB e outros)";"CAIXA ECONÔMICA FEDERAL - FIC PERSONAL RFLP, CONTA 001.00045300.9";"414466,39";"05/07/2010";"17:47:10"
"19/04/2021";"13:16:05";2010;2;"Eleiçăo Ordinária";37;"Eleiçőes 2010";"03/10/2010";"BR";"BR";"BRASIL";280000000011;6;71;"Fundo de investimento financeiro - FIF";"BANESPA / SANTANDER SA, CORRETORA DE CÂMBIO E TÍTULOS, FUNDOS DE INVESTIMENTO MASTER 01-20699-9";"240679,83";"05/07/2010";"17:47:10"
"19/04/2021";"13:16:05";2010;2;"Eleiçăo Ordinária";37;"Eleiçőes 2010";"03/10/2010";"BR";"BR";"BRASIL";280000000011;7;97;"VGBL - Vida Gerador de Benefício Livre";"SANTANDER SEGUROS SA - PLANO DE PREVIDĘNCIA VGBL";"329313,82";"05/07/2010";"17:47:10"
"19/04/2021";"13:16:05";2010;2;"Eleiçăo Ordinária";37;"Eleiçőes 2010";"03/10/2010";"BR";"BR";"BRASIL";280000000011;8;45;"Aplicaçăo de renda fixa (CDB, RDB e outros)";"BANCO ITAÚ SA - CDB - FIXA - 6755-01164-7";"38259,34";"05/07/2010";"17:47:10"
"19/04/2021";"13:16:05";2010;2;"Eleiçăo Ordinária";37;"Eleiçőes 2010";"03/10/2010";"BR";"BR";"BRASIL";280000000011;9;71;"Fundo de investimento financeiro - FIF";"NOSSA CAIXA / BANCO DO BRASIL - MIX MULTIMERCADOS - 4545-4";"49492,55";"05/07/2010";"17:47:10"
"19/04/2021";"13:16:05";2010;2;"Eleiçăo Ordinária";37;"Eleiçőes 2010";"03/10/2010";"BR";"BR";"BRASIL";280000000012;1;13;"Terreno";"50% DO TERRENO  CONDOMÍNIO AERO RURAL BOM JARDIM, EM MAGARATIBA/RJ - RANCHO 73 - RIO FURADO, NOS TERMOS DA ESCRITURA DE COMPRA E VENDA DATADA DE 22/06/2009";"100000,00";"05/07/2010";"17:47:10"
"19/04/2021";"13:16:05";2010;2;"Eleiçăo Ordinária";37;"Eleiçőes 2010";"03/10/2010";"BR";"BR";"BRASIL";280000000012;2;13;"Terreno";"TERRENO  CONDOMÍNIO AERO RURAL BOM JARDIM - MANGARATIBA/RJ - RANCHO 73 - RIO FURADO. NOS TERMOS DA ESCRITURA DE COMPRA E VENDA DE 10/10/2009";"360000,00";"05/07/2010";"17:47:10"
"19/04/2021";"13:16:05";2010;2;"Eleiçăo Ordinária";37;"Eleiçőes 2010";"03/10/2010";"BR";"BR";"BRASIL";280000000012;3;22;"Aeronave";"ULTRALEVE + EQUIPAMENTOS PARA ULTRALEVE";"170900,00";"05/07/2010";"17:47:10"
"19/04/2021";"13:16:05";2010;2;"Eleiçăo Ordinária";37;"Eleiçőes 2010";"03/10/2010";"BR";"BR";"BRASIL";280000000012;4;23;"Embarcaçăo";"EMBARCAÇĂO NOME FATHER   SON, ADQUIRIDA ATRAVÉS DE FINANCIAMENTO DE AYMORÉ CRÉDITO FINANCIAMENTO E INVESTIMENTO S/A E EQUIPAMENTOS, ADQUIRIDOS EM 2009";"206663,40";"05/07/2010";"17:47:10"
"19/04/2021";"13:16:05";2010;2;"Eleiçăo Ordinária";37;"Eleiçőes 2010";"03/10/2010";"BR";"BR";"BRASIL";280000000012;5;31;"Açőes (inclusive as provenientes de linha telefônica)";"6 AÇŐES TELE NORTE LESTE PARTIC - ON";"6,00";"05/07/2010";"17:47:10"
"19/04/2021";"13:16:05";2010;2;"Eleiçăo Ordinária";37;"Eleiçőes 2010";"03/10/2010";"BR";"BR";"BRASIL";280000000012;6;31;"Açőes (inclusive as provenientes de linha telefônica)";"15 AÇŐES TELE NORTE LESTE PARTC. - PN";"15,00";"05/07/2010";"17:47:10"
"19/04/2021";"13:16:05";2010;2;"Eleiçăo Ordinária";37;"Eleiçőes 2010";"03/10/2010";"BR";"BR";"BRASIL";280000000012;7;32;"Quotas ou quinhőes de capital";"199.998 QUOTAS BAQUETA PARTICIPAÇŐES LTDA";"199998,00";"05/07/2010";"17:47:10"
"19/04/2021";"13:16:05";2010;2;"Eleiçăo Ordinária";37;"Eleiçőes 2010";"03/10/2010";"BR";"BR";"BRASIL";280000000012;8;61;"Depósito bancário em conta corrente no País";"BANCO DO BRASIL C/C 16361-9 ESTILO";"1,00";"05/07/2010";"17:47:10"
"19/04/2021";"13:16:05";2010;2;"Eleiçăo Ordinária";37;"Eleiçőes 2010";"03/10/2010";"BR";"BR";"BRASIL";280000000012;9;61;"Depósito bancário em conta corrente no País";"C/C BANCO CUZEIRO DO SUL S/A (CONTA 0000163-8)";"140,33";"05/07/2010";"17:47:10"
"19/04/2021";"13:16:05";2010;2;"Eleiçăo Ordinária";37;"Eleiçőes 2010";"03/10/2010";"BR";"BR";"BRASIL";280000000012;10;61;"Depósito bancário em conta corrente no País";"BANCO DO BRASIL C/C 16360-9";"6200,00";"05/07/2010";"17:47:10"
"19/04/2021";"13:16:05";2010;2;"Eleiçăo Ordinária";37;"Eleiçőes 2010";"03/10/2010";"BR";"BR";"BRASIL";280000000012;11;31;"Açőes (inclusive as provenientes de linha telefônica)";"CRUZEIRO DO SUL CORRETORA DE VALORES MOBILIÁRIOS: 85 AÇŐES PETROBRAS ON";"2582,30";"05/07/2010";"17:47:10"
"19/04/2021";"13:16:05";2010;2;"Eleiçăo Ordinária";37;"Eleiçőes 2010";"03/10/2010";"BR";"BR";"BRASIL";280000000012;12;71;"Fundo de investimento financeiro - FIF";"FIP BCSUL VERAX PLATINUM (APLICAÇĂO EM FUNDO DE INVESTIMENTO DO BANCO CRUZEIRO DO SUL S.A)";"401724,15";"05/07/2010";"17:47:10"
"19/04/2021";"13:16:05";2010;2;"Eleiçăo Ordinária";37;"Eleiçőes 2010";"03/10/2010";"BR";"BR";"BRASIL";280000000015;1;12;"Casa";"UMA CASA LOCALIZADA A RUA C. QUADRA F - JARDIM REMANSO-BERTIOGA, SP";"89892,24";"05/07/2010";"18:31:30"
"19/04/2021";"13:16:05";2010;2;"Eleiçăo Ordinária";37;"Eleiçőes 2010";"03/10/2010";"BR";"BR";"BRASIL";280000000015;2;12;"Casa";"UMA CASA LOCALIZADA NO LOTE 01-QUADRA 31-ALAMEDA ROBALO-CONDOMINIO ALPHAVILLE-RESIDENCIAL N. 11- SANTANA DO PARNAIBA-SP";"160724,73";"05/07/2010";"18:31:30"
"19/04/2021";"13:16:05";2010;2;"Eleiçăo Ordinária";37;"Eleiçőes 2010";"03/10/2010";"BR";"BR";"BRASIL";280000000015;3;12;"Casa";"UMA CASA LOCALIZADA NO LOTE 02-QUADRA 27-ALAMEDA BADEJO-CONDOMINIO ALPHAVILLE-RESIDENCIAL N. 11- SANTANA DO PARNAIBA-SP";"157489,56";"05/07/2010";"18:31:30"
"19/04/2021";"13:16:05";2010;2;"Eleiçăo Ordinária";37;"Eleiçőes 2010";"03/10/2010";"BR";"BR";"BRASIL";280000000015;4;13;"Terreno";"UM TERRENO LOCALIZADO A RUA C QUADRA F JARDIM REMANSO-BERTIOGA-SP";"14982,71";"05/07/2010";"18:31:30"
"19/04/2021";"13:16:05";2010;2;"Eleiçăo Ordinária";37;"Eleiçőes 2010";"03/10/2010";"BR";"BR";"BRASIL";280000000015;5;13;"Terreno";"TERRENO NA ALAMEDA DAS ACACIAS -LOTE 13-QUADRA 15, RESIDENCIAL MORADA DAS FLORES, CONDOMINIO ALDEIA DA SERRA-SANTANA DO PARNAÍBA-SP";"30000,00";"05/07/2010";"18:31:30"
"19/04/2021";"13:16:05";2010;2;"Eleiçăo Ordinária";37;"Eleiçőes 2010";"03/10/2010";"BR";"BR";"BRASIL";280000000015;6;39;"Outras participaçőes societárias";"HUM SEXTO DE UMA AREA DE 109072,00M, LOCALIZADA EM SANTA TEREZINHA, NO MUNICÍPIO DE BOM PRINCÍPIO, RIO GRANDE DO SUL, MATRICULA N. RI 9663";"4247,25";"05/07/2010";"18:31:30"
"19/04/2021";"13:16:05";2010;2;"Eleiçăo Ordinária";37;"Eleiçőes 2010";"03/10/2010";"BR";"BR";"BRASIL";280000000015;7;39;"Outras participaçőes societárias";"CONSTRUÇĂO DE UMA RESIDENCIA UNIFAMILIAR, SOBRE O LOTE N. 13-QUADRA 15 ALAMEDA DAS ACACIAS N. 211, RESID. MORADA DAS FLORES, COND. ALDEIA DA SERRA, SANTANA DO PARNAIBA-SP";"118763,70";"05/07/2010";"18:31:30"
